Index,Headline
1,LiveLiveLachlan Murdoch replaces father Rupert as chair of Fox and News Corp
2,LiveLiveLachlan Murdoch replaces father Rupert as chair of Fox and News Corp
3,India suspends visas for Canadians as row escalates
4,LiveLiveZelensky lays wreath at Pentagon's 9/11 memorial
5,How Norway outstrips US on Ukraine spending
6,'I don't care about sportswashing' - Saudi prince
7,Game of Thrones author sues ChatGPT-owner OpenAI
8,Murdoch's eldest son Lachlan to head Fox and News Corp
9,Google accused of sending motorist off bridge
10,South Korea raids US military bases in drugs probe
11,Poland no longer supplying weapons to Ukraine - PM
12,Video 24 secondsCharles gives French toast at star-studded banquet
13,Poland no longer supplying weapons to Ukraine - PM
14,Video 24 secondsCharles gives French toast at star-studded banquet
15,Fresh gunfire reported in Karabakh despite truce
16,Owner's husband hunted in nursery fentanyl death
17,"US offers almost 500,000 Venezuelans legal status"
18,Do Americans want to keep giving Ukraine billions?
19,BBC World News TV
20,AudioBBC World Service Radio
21,US returns Schiele art stolen by Nazis to heirs
22,VideoWatch Republicans grill the US attorney general
23,Half-million-year-old wooden structure unearthed
24,Australia to host Taylor Swift academic conference
25,"Student cycles 4,000km to go to dream university"
26,VideoPilots capture rare weather phenomenon from cockpit
27,VideoCharles gives French toast at star-studded banquet
28,VideoWatch: Queen Camilla and Brigitte Macron play table tennis
29,VideoPolice taser school band director at football game
30,Video'Vive le roi!': King Charles meets fans in France
31,Who was Canadian Sikh leader Hardeep Singh Nijjar?
32,Where Ukraineâ€™s amputees go to repair their lives
33,Murder accusations and riots - TikTok is driving frenzies
34,"Writing Sex Education was cathartic, creator says"
35,King's France visit mixes celebrity and pageantry
36,The Indian men who photographed dead bodies
37,EU not focused on Starmer plan to bring UK closer
38,India suspends visas for Canadians as row escalates
39,India warns citizens in Canada to be cautious
40,Game of Thrones author sues ChatGPT-owner OpenAI
41,Poland no longer supplying weapons to Ukraine - PM
42,Who was Canadian Sikh leader Hardeep Singh Nijjar?
43,Murdoch's eldest son Lachlan to head Fox and News Corp
44,Five to be charged in UK with spying for Russia
45,Ozzy has final surgery: 'I can't do it any more'
46,Google accused of sending motorist off bridge
47,How Norway outstrips US on Ukraine spending
48,The children leaving the Mafia
49,Tech's shocking remote work U-turn
50,The 'Champagne' of apple cider
51,The dress that shocked the world
52,Why heat is a 'silent killer'
53,The rise of 'paid paid' time off
54,Where to find London's 'lost' palaces
55,LiveLiveAston Villa equalise at Legia Warsaw in frantic start & Liverpool face LASK
56,LiveLiveEuropa Conference League: Can Aberdeen pass daunting Eintracht Frankfurt test?
57,De Kock's knee refusal due to CSA 'interference'
58,'Spain row a seminal point & catalyst for change'
59,Messi blow in Inter Miami win could hit cup final hopes
60,Hall & Boutier reunited for opening Solheim match
61,Roy turns down England call-up for Ireland ODIs
